Episode,Average Reward,Std. Reward,Min Reward,Max Reward
0,0.0,0.0,0.0,0.0
3511,35.0,6.884765791223402,28.0,52.0
4359,93.5,29.810233142328826,51.0,140.0
5115,149.9,100.48925315674309,44.0,317.0
5920,227.0,97.02576977277738,105.0,362.0
6784,172.3,99.33282438348363,43.0,276.0
7717,128.1,106.8330005195024,35.0,323.0
